#,label,tex_name,order,exponent,rank,D*,Davenport Constant,Justification
1,1.1,C_1,1,1,0,1,1,Trivial
2,2.1,C_2,2,2,1,2,2,"Rogers (1963, Theorem 1)"
3,3.1,C_3,3,3,1,3,3,"Rogers (1963, Theorem 1)"
4,4.1,C_4,4,4,1,4,4,"Rogers (1963, Theorem 1)"
5,4.2,C_2^2,4,2,2,3,3,Olson (1969-I)
6,5.1,C_5,5,5,1,5,5,"Rogers (1963, Theorem 1)"
7,6.2,C_6,6,6,1,6,6,"Rogers (1963, Theorem 1)"
8,7.1,C_7,7,7,1,7,7,"Rogers (1963, Theorem 1)"
9,8.1,C_8,8,8,1,8,8,"Rogers (1963, Theorem 1)"
10,8.2,C_2\times C_4,8,4,2,5,5,Olson (1969-I)
11,8.5,C_2^3,8,2,3,4,4,Olson (1969-I)
12,9.1,C_9,9,9,1,9,9,"Rogers (1963, Theorem 1)"
13,9.2,C_3^2,9,3,2,5,5,Olson (1969-I)
14,10.2,C_{10},10,10,1,10,10,"Rogers (1963, Theorem 1)"
15,11.1,C_{11},11,11,1,11,11,"Rogers (1963, Theorem 1)"
16,12.2,C_{12},12,12,1,12,12,"Rogers (1963, Theorem 1)"
17,12.5,C_2\times C_6,12,6,2,7,7,Olson (1969-II)
18,13.1,C_{13},13,13,1,13,13,"Rogers (1963, Theorem 1)"
19,14.2,C_{14},14,14,1,14,14,"Rogers (1963, Theorem 1)"
20,15.1,C_{15},15,15,1,15,15,"Rogers (1963, Theorem 1)"
21,16.1,C_{16},16,16,1,16,16,"Rogers (1963, Theorem 1)"
22,16.2,C_4^2,16,4,2,7,7,Olson (1969-I)
23,16.5,C_2\times C_8,16,8,2,9,9,Olson (1969-I)
24,16.10,C_2^2\times C_4,16,4,3,6,6,Olson (1969-I)
25,16.14,C_2^4,16,2,4,5,5,Olson (1969-I)
26,17.1,C_{17},17,17,1,17,17,"Rogers (1963, Theorem 1)"
27,18.2,C_{18},18,18,1,18,18,"Rogers (1963, Theorem 1)"
28,18.5,C_3\times C_6,18,6,2,8,8,Olson (1969-II)
29,19.1,C_{19},19,19,1,19,19,"Rogers (1963, Theorem 1)"
30,20.2,C_{20},20,20,1,20,20,"Rogers (1963, Theorem 1)"
31,20.5,C_2\times C_{10},20,10,2,11,11,Olson (1969-II)
32,21.2,C_{21},21,21,1,21,21,"Rogers (1963, Theorem 1)"
33,22.2,C_{22},22,22,1,22,22,"Rogers (1963, Theorem 1)"
34,23.1,C_{23},23,23,1,23,23,"Rogers (1963, Theorem 1)"
35,24.2,C_{24},24,24,1,24,24,"Rogers (1963, Theorem 1)"
36,24.9,C_2\times C_{12},24,12,2,13,13,Olson (1969-II)
37,24.15,C_2^2\times C_6,24,6,3,8,8,van Emde Boas (1969) + later works
38,25.1,C_{25},25,25,1,25,25,"Rogers (1963, Theorem 1)"
39,25.2,C_5^2,25,5,2,9,9,Olson (1969-I)
40,26.2,C_{26},26,26,1,26,26,"Rogers (1963, Theorem 1)"
41,27.1,C_{27},27,27,1,27,27,"Rogers (1963, Theorem 1)"
42,27.2,C_3\times C_9,27,9,2,11,11,Olson (1969-I)
43,27.5,C_3^3,27,3,3,7,7,Olson (1969-I)
44,28.2,C_{28},28,28,1,28,28,"Rogers (1963, Theorem 1)"
45,28.4,C_2\times C_{14},28,14,2,15,15,Olson (1969-II)
46,29.1,C_{29},29,29,1,29,29,"Rogers (1963, Theorem 1)"
47,30.4,C_{30},30,30,1,30,30,"Rogers (1963, Theorem 1)"
48,31.1,C_{31},31,31,1,31,31,"Rogers (1963, Theorem 1)"
49,32.1,C_{32},32,32,1,32,32,"Rogers (1963, Theorem 1)"
50,32.3,C_4\times C_8,32,8,2,11,11,Olson (1969-I)
51,32.16,C_2\times C_{16},32,16,2,17,17,Olson (1969-I)
52,32.21,C_2\times C_4^2,32,4,3,8,8,Olson (1969-I)
53,32.36,C_2^2\times C_8,32,8,3,10,10,Olson (1969-I)
54,32.45,C_2^3\times C_4,32,4,4,7,7,Olson (1969-I)
55,32.51,C_2^5,32,2,5,6,6,Olson (1969-I)
56,33.1,C_{33},33,33,1,33,33,"Rogers (1963, Theorem 1)"
57,34.2,C_{34},34,34,1,34,34,"Rogers (1963, Theorem 1)"
58,35.1,C_{35},35,35,1,35,35,"Rogers (1963, Theorem 1)"
59,36.2,C_{36},36,36,1,36,36,"Rogers (1963, Theorem 1)"
60,36.5,C_2\times C_{18},36,18,2,19,19,Olson (1969-II)
61,36.8,C_3\times C_{12},36,12,2,14,14,Olson (1969-II)
62,36.14,C_6^2,36,6,2,11,11,Olson (1969-II)
63,37.1,C_{37},37,37,1,37,37,"Rogers (1963, Theorem 1)"
64,38.2,C_{38},38,38,1,38,38,"Rogers (1963, Theorem 1)"
65,39.2,C_{39},39,39,1,39,39,"Rogers (1963, Theorem 1)"
66,40.2,C_{40},40,40,1,40,40,"Rogers (1963, Theorem 1)"
67,40.9,C_2\times C_{20},40,20,2,21,21,Olson (1969-II)
68,40.14,C_2^2\times C_{10},40,10,3,12,12,van Emde Boas (1969) + later works
69,41.1,C_{41},41,41,1,41,41,"Rogers (1963, Theorem 1)"
70,42.6,C_{42},42,42,1,42,42,"Rogers (1963, Theorem 1)"
71,43.1,C_{43},43,43,1,43,43,"Rogers (1963, Theorem 1)"
72,44.2,C_{44},44,44,1,44,44,"Rogers (1963, Theorem 1)"
73,44.4,C_2\times C_{22},44,22,2,23,23,Olson (1969-II)
74,45.1,C_{45},45,45,1,45,45,"Rogers (1963, Theorem 1)"
75,45.2,C_3\times C_{15},45,15,2,17,17,Olson (1969-II)
76,46.2,C_{46},46,46,1,46,46,"Rogers (1963, Theorem 1)"
77,47.1,C_{47},47,47,1,47,47,"Rogers (1963, Theorem 1)"
78,48.2,C_{48},48,48,1,48,48,"Rogers (1963, Theorem 1)"
79,48.20,C_4\times C_{12},48,12,2,15,15,Olson (1969-II)
80,48.23,C_2\times C_{24},48,24,2,25,25,Olson (1969-II)
81,48.44,C_2^2\times C_{12},48,12,3,14,14,van Emde Boas (1969) + later works
82,48.52,C_2^3\times C_6,48,6,4,9,9,Baayen (1969)
83,49.1,C_{49},49,49,1,49,49,"Rogers (1963, Theorem 1)"
84,49.2,C_7^2,49,7,2,13,13,Olson (1969-I)
85,50.2,C_{50},50,50,1,50,50,"Rogers (1963, Theorem 1)"
86,50.5,C_5\times C_{10},50,10,2,14,14,Olson (1969-II)
87,51.1,C_{51},51,51,1,51,51,"Rogers (1963, Theorem 1)"
88,52.2,C_{52},52,52,1,52,52,"Rogers (1963, Theorem 1)"
89,52.5,C_2\times C_{26},52,26,2,27,27,Olson (1969-II)
90,53.1,C_{53},53,53,1,53,53,"Rogers (1963, Theorem 1)"
91,54.2,C_{54},54,54,1,54,54,"Rogers (1963, Theorem 1)"
92,54.9,C_3\times C_{18},54,18,2,20,20,Olson (1969-II)
93,54.15,C_3^2\times C_6,54,6,3,10,10,"Bhowmik, Schlage-Puchta (2007)"
94,55.2,C_{55},55,55,1,55,55,"Rogers (1963, Theorem 1)"
95,56.2,C_{56},56,56,1,56,56,"Rogers (1963, Theorem 1)"
96,56.8,C_2\times C_{28},56,28,2,29,29,Olson (1969-II)
97,56.13,C_2^2\times C_{14},56,14,3,16,16,van Emde Boas (1969) + later works
98,57.2,C_{57},57,57,1,57,57,"Rogers (1963, Theorem 1)"
99,58.2,C_{58},58,58,1,58,58,"Rogers (1963, Theorem 1)"
100,59.1,C_{59},59,59,1,59,59,"Rogers (1963, Theorem 1)"
101,60.4,C_{60},60,60,1,60,60,"Rogers (1963, Theorem 1)"
102,60.13,C_2\times C_{30},60,30,2,31,31,Olson (1969-II)
103,61.1,C_{61},61,61,1,61,61,"Rogers (1963, Theorem 1)"
104,62.2,C_{62},62,62,1,62,62,"Rogers (1963, Theorem 1)"
105,63.2,C_{63},63,63,1,63,63,"Rogers (1963, Theorem 1)"
106,63.4,C_3\times C_{21},63,21,2,23,23,Olson (1969-II)
107,64.1,C_{64},64,64,1,64,64,"Rogers (1963, Theorem 1)"
108,64.2,C_8^2,64,8,2,15,15,Olson (1969-I)
109,64.26,C_4\times C_{16},64,16,2,19,19,Olson (1969-I)
110,64.50,C_2\times C_{32},64,32,2,33,33,Olson (1969-I)
111,64.55,C_4^3,64,4,3,10,10,Olson (1969-I)
112,64.83,C_2\times C_4\times C_8,64,8,3,12,12,Olson (1969-I)
113,64.183,C_2^2\times C_{16},64,16,3,18,18,Olson (1969-I)
114,64.192,C_2^2\times C_4^2,64,4,4,9,9,Olson (1969-I)
115,64.246,C_2^3\times C_8,64,8,4,11,11,Olson (1969-I)
116,64.260,C_2^4\times C_4,64,4,5,8,8,Olson (1969-I)
117,64.267,C_2^6,64,2,6,7,7,Olson (1969-I)
118,65.1,C_{65},65,65,1,65,65,"Rogers (1963, Theorem 1)"
119,66.4,C_{66},66,66,1,66,66,"Rogers (1963, Theorem 1)"
120,67.1,C_{67},67,67,1,67,67,"Rogers (1963, Theorem 1)"
121,68.2,C_{68},68,68,1,68,68,"Rogers (1963, Theorem 1)"
122,68.5,C_2\times C_{34},68,34,2,35,35,Olson (1969-II)
123,69.1,C_{69},69,69,1,69,69,"Rogers (1963, Theorem 1)"
124,70.4,C_{70},70,70,1,70,70,"Rogers (1963, Theorem 1)"
125,71.1,C_{71},71,71,1,71,71,"Rogers (1963, Theorem 1)"
126,72.2,C_{72},72,72,1,72,72,"Rogers (1963, Theorem 1)"
127,72.9,C_2\times C_{36},72,36,2,37,37,Olson (1969-II)
128,72.14,C_3\times C_{24},72,24,2,26,26,Olson (1969-II)
129,72.18,C_2^2\times C_{18},72,18,3,20,20,van Emde Boas (1969) + later works
130,72.36,C_6\times C_{12},72,12,2,17,17,Olson (1969-II)
131,72.50,C_2\times C_6^2,72,6,3,12,12,van Emde Boas (1969) + later works
132,73.1,C_{73},73,73,1,73,73,"Rogers (1963, Theorem 1)"
133,74.2,C_{74},74,74,1,74,74,"Rogers (1963, Theorem 1)"
134,75.1,C_{75},75,75,1,75,75,"Rogers (1963, Theorem 1)"
135,75.3,C_5\times C_{15},75,15,2,19,19,Olson (1969-II)
136,76.2,C_{76},76,76,1,76,76,"Rogers (1963, Theorem 1)"
137,76.4,C_2\times C_{38},76,38,2,39,39,Olson (1969-II)
138,77.1,C_{77},77,77,1,77,77,"Rogers (1963, Theorem 1)"
139,78.6,C_{78},78,78,1,78,78,"Rogers (1963, Theorem 1)"
140,79.1,C_{79},79,79,1,79,79,"Rogers (1963, Theorem 1)"
141,80.2,C_{80},80,80,1,80,80,"Rogers (1963, Theorem 1)"
142,80.20,C_4\times C_{20},80,20,2,23,23,Olson (1969-II)
143,80.23,C_2\times C_{40},80,40,2,41,41,Olson (1969-II)
144,80.45,C_2^2\times C_{20},80,20,3,22,22,van Emde Boas (1969) + later works
145,80.52,C_2^3\times C_{10},80,10,4,13,13,Baayen (1969)
146,81.1,C_{81},81,81,1,81,81,"Rogers (1963, Theorem 1)"
147,81.2,C_9^2,81,9,2,17,17,Olson (1969-I)
148,81.5,C_3\times C_{27},81,27,2,29,29,Olson (1969-I)
149,81.11,C_3^2\times C_9,81,9,3,13,13,Olson (1969-I)
150,81.15,C_3^4,81,3,4,9,9,Olson (1969-I)
151,82.2,C_{82},82,82,1,82,82,"Rogers (1963, Theorem 1)"
152,83.1,C_{83},83,83,1,83,83,"Rogers (1963, Theorem 1)"
153,84.6,C_{84},84,84,1,84,84,"Rogers (1963, Theorem 1)"
154,84.15,C_2\times C_{42},84,42,2,43,43,Olson (1969-II)
155,85.1,C_{85},85,85,1,85,85,"Rogers (1963, Theorem 1)"
156,86.2,C_{86},86,86,1,86,86,"Rogers (1963, Theorem 1)"
157,87.1,C_{87},87,87,1,87,87,"Rogers (1963, Theorem 1)"
158,88.2,C_{88},88,88,1,88,88,"Rogers (1963, Theorem 1)"
159,88.8,C_2\times C_{44},88,44,2,45,45,Olson (1969-II)
160,88.12,C_2^2\times C_{22},88,22,3,24,24,van Emde Boas (1969) + later works
161,89.1,C_{89},89,89,1,89,89,"Rogers (1963, Theorem 1)"
162,90.4,C_{90},90,90,1,90,90,"Rogers (1963, Theorem 1)"
163,90.10,C_3\times C_{30},90,30,2,32,32,Olson (1969-II)
164,91.1,C_{91},91,91,1,91,91,"Rogers (1963, Theorem 1)"
165,92.2,C_{92},92,92,1,92,92,"Rogers (1963, Theorem 1)"
166,92.4,C_2\times C_{46},92,46,2,47,47,Olson (1969-II)
167,93.2,C_{93},93,93,1,93,93,"Rogers (1963, Theorem 1)"
168,94.2,C_{94},94,94,1,94,94,"Rogers (1963, Theorem 1)"
169,95.1,C_{95},95,95,1,95,95,"Rogers (1963, Theorem 1)"
170,96.2,C_{96},96,96,1,96,96,"Rogers (1963, Theorem 1)"
171,96.46,C_4\times C_{24},96,24,2,27,27,Olson (1969-II)
172,96.59,C_2\times C_{48},96,48,2,49,49,Olson (1969-II)
173,96.161,C_2\times C_4\times C_{12},96,12,3,16,16,van Emde Boas (1969) + later works
174,96.176,C_2^2\times C_{24},96,24,3,26,26,van Emde Boas (1969) + later works
175,96.220,C_2^3\times C_{12},96,12,4,15,15,Baayen (1969)
176,96.231,C_2^4\times C_6,96,6,5,10,11,"Baayen, van Emde Boas (1969)"
177,97.1,C_{97},97,97,1,97,97,"Rogers (1963, Theorem 1)"
178,98.2,C_{98},98,98,1,98,98,"Rogers (1963, Theorem 1)"
179,98.5,C_7\times C_{14},98,14,2,20,20,Olson (1969-II)
180,99.1,C_{99},99,99,1,99,99,"Rogers (1963, Theorem 1)"
181,99.2,C_3\times C_{33},99,33,2,35,35,Olson (1969-II)
182,100.2,C_{100},100,100,1,100,100,"Rogers (1963, Theorem 1)"
183,100.5,C_2\times C_{50},100,50,2,51,51,Olson (1969-II)
184,100.8,C_5\times C_{20},100,20,2,24,24,Olson (1969-II)
185,100.16,C_{10}^2,100,10,2,19,19,Olson (1969-II)
186,101.1,C_{101},101,101,1,101,101,"Rogers (1963, Theorem 1)"
187,102.4,C_{102},102,102,1,102,102,"Rogers (1963, Theorem 1)"
188,103.1,C_{103},103,103,1,103,103,"Rogers (1963, Theorem 1)"
189,104.2,C_{104},104,104,1,104,104,"Rogers (1963, Theorem 1)"
190,104.9,C_2\times C_{52},104,52,2,53,53,Olson (1969-II)
191,104.14,C_2^2\times C_{26},104,26,3,28,28,van Emde Boas (1969) + later works
192,105.2,C_{105},105,105,1,105,105,"Rogers (1963, Theorem 1)"
193,106.2,C_{106},106,106,1,106,106,"Rogers (1963, Theorem 1)"
194,107.1,C_{107},107,107,1,107,107,"Rogers (1963, Theorem 1)"
195,108.2,C_{108},108,108,1,108,108,"Rogers (1963, Theorem 1)"
196,108.5,C_2\times C_{54},108,54,2,55,55,Olson (1969-II)
197,108.12,C_3\times C_{36},108,36,2,38,38,Olson (1969-II)
198,108.29,C_6\times C_{18},108,18,2,23,23,Olson (1969-II)
199,108.35,C_3^2\times C_{12},108,12,3,16,16,"Bhowmik, Schlage-Puchta (2007)"
200,108.45,C_3\times C_6^2,108,6,3,13,13,van Emde Boas (1969) + later works
201,109.1,C_{109},109,109,1,109,109,"Rogers (1963, Theorem 1)"
202,110.6,C_{110},110,110,1,110,110,"Rogers (1963, Theorem 1)"
203,111.2,C_{111},111,111,1,111,111,"Rogers (1963, Theorem 1)"
204,112.2,C_{112},112,112,1,112,112,"Rogers (1963, Theorem 1)"
205,112.19,C_4\times C_{28},112,28,2,31,31,Olson (1969-II)
206,112.22,C_2\times C_{56},112,56,2,57,57,Olson (1969-II)
207,112.37,C_2^2\times C_{28},112,28,3,30,30,van Emde Boas (1969) + later works
208,112.43,C_2^3\times C_{14},112,14,4,17,17,Baayen (1969)
209,113.1,C_{113},113,113,1,113,113,"Rogers (1963, Theorem 1)"
210,114.6,C_{114},114,114,1,114,114,"Rogers (1963, Theorem 1)"
211,115.1,C_{115},115,115,1,115,115,"Rogers (1963, Theorem 1)"
212,116.2,C_{116},116,116,1,116,116,"Rogers (1963, Theorem 1)"
213,116.5,C_2\times C_{58},116,58,2,59,59,Olson (1969-II)
214,117.2,C_{117},117,117,1,117,117,"Rogers (1963, Theorem 1)"
215,117.4,C_3\times C_{39},117,39,2,41,41,Olson (1969-II)
216,118.2,C_{118},118,118,1,118,118,"Rogers (1963, Theorem 1)"
217,119.1,C_{119},119,119,1,119,119,"Rogers (1963, Theorem 1)"
218,120.4,C_{120},120,120,1,120,120,"Rogers (1963, Theorem 1)"
219,120.31,C_2\times C_{60},120,60,2,61,61,Olson (1969-II)
220,120.47,C_2^2\times C_{30},120,30,3,32,32,van Emde Boas (1969) + later works
221,121.1,C_{121},121,121,1,121,121,"Rogers (1963, Theorem 1)"
222,121.2,C_{11}^2,121,11,2,21,21,Olson (1969-I)
223,122.2,C_{122},122,122,1,122,122,"Rogers (1963, Theorem 1)"
224,123.1,C_{123},123,123,1,123,123,"Rogers (1963, Theorem 1)"
225,124.2,C_{124},124,124,1,124,124,"Rogers (1963, Theorem 1)"
226,124.4,C_2\times C_{62},124,62,2,63,63,Olson (1969-II)
227,125.1,C_{125},125,125,1,125,125,"Rogers (1963, Theorem 1)"
228,125.2,C_5\times C_{25},125,25,2,29,29,Olson (1969-I)
229,125.5,C_5^3,125,5,3,13,13,Olson (1969-I)
230,126.6,C_{126},126,126,1,126,126,"Rogers (1963, Theorem 1)"
231,126.16,C_3\times C_{42},126,42,2,44,44,Olson (1969-II)
232,127.1,C_{127},127,127,1,127,127,"Rogers (1963, Theorem 1)"
233,128.1,C_{128},128,128,1,128,128,"Rogers (1963, Theorem 1)"
234,128.42,C_8\times C_{16},128,16,2,23,23,Olson (1969-I)
235,128.128,C_4\times C_{32},128,32,2,35,35,Olson (1969-I)
236,128.159,C_2\times C_{64},128,64,2,65,65,Olson (1969-I)
237,128.179,C_2\times C_8^2,128,8,3,16,16,Olson (1969-I)
238,128.456,C_4^2\times C_8,128,8,3,14,14,Olson (1969-I)
239,128.837,C_2\times C_4\times C_{16},128,16,3,20,20,Olson (1969-I)
240,128.988,C_2^2\times C_{32},128,32,3,34,34,Olson (1969-I)
241,128.997,C_2\times C_4^3,128,4,4,11,11,Olson (1969-I)
242,128.1601,C_2^2\times C_4\times C_8,128,8,4,13,13,Olson (1969-I)
243,128.2136,C_2^3\times C_{16},128,16,4,19,19,Olson (1969-I)
244,128.2150,C_2^3\times C_4^2,128,4,5,10,10,Olson (1969-I)
245,128.2301,C_2^4\times C_8,128,8,5,12,12,Olson (1969-I)
246,128.2319,C_2^5\times C_4,128,4,6,9,9,Olson (1969-I)
247,128.2328,C_2^7,128,2,7,8,8,Olson (1969-I)
248,129.2,C_{129},129,129,1,129,129,"Rogers (1963, Theorem 1)"
249,130.4,C_{130},130,130,1,130,130,"Rogers (1963, Theorem 1)"
250,131.1,C_{131},131,131,1,131,131,"Rogers (1963, Theorem 1)"
251,132.4,C_{132},132,132,1,132,132,"Rogers (1963, Theorem 1)"
252,132.10,C_2\times C_{66},132,66,2,67,67,Olson (1969-II)
253,133.1,C_{133},133,133,1,133,133,"Rogers (1963, Theorem 1)"
254,134.2,C_{134},134,134,1,134,134,"Rogers (1963, Theorem 1)"
255,135.1,C_{135},135,135,1,135,135,"Rogers (1963, Theorem 1)"
256,135.2,C_3\times C_{45},135,45,2,47,47,Olson (1969-II)
257,135.5,C_3^2\times C_{15},135,15,3,19,19,"Bhowmik, Schlage-Puchta (2007)"
258,136.2,C_{136},136,136,1,136,136,"Rogers (1963, Theorem 1)"
259,136.9,C_2\times C_{68},136,68,2,69,69,Olson (1969-II)
260,136.15,C_2^2\times C_{34},136,34,3,36,36,van Emde Boas (1969) + later works
261,137.1,C_{137},137,137,1,137,137,"Rogers (1963, Theorem 1)"
262,138.4,C_{138},138,138,1,138,138,"Rogers (1963, Theorem 1)"
263,139.1,C_{139},139,139,1,139,139,"Rogers (1963, Theorem 1)"
264,140.4,C_{140},140,140,1,140,140,"Rogers (1963, Theorem 1)"
265,140.11,C_2\times C_{70},140,70,2,71,71,Olson (1969-II)
266,141.1,C_{141},141,141,1,141,141,"Rogers (1963, Theorem 1)"
267,142.2,C_{142},142,142,1,142,142,"Rogers (1963, Theorem 1)"
268,143.1,C_{143},143,143,1,143,143,"Rogers (1963, Theorem 1)"
269,144.2,C_{144},144,144,1,144,144,"Rogers (1963, Theorem 1)"
270,144.20,C_4\times C_{36},144,36,2,39,39,Olson (1969-II)
271,144.23,C_2\times C_{72},144,72,2,73,73,Olson (1969-II)
272,144.30,C_3\times C_{48},144,48,2,50,50,Olson (1969-II)
273,144.47,C_2^2\times C_{36},144,36,3,38,38,van Emde Boas (1969) + later works
274,144.101,C_{12}^2,144,12,2,23,23,Olson (1969-II)
275,144.104,C_6\times C_{24},144,24,2,29,29,Olson (1969-II)
276,144.113,C_2^3\times C_{18},144,18,4,21,21,Baayen (1969)
277,144.178,C_2\times C_6\times C_{12},144,12,3,18,18,van Emde Boas (1969) + later works
278,144.197,C_2^2\times C_6^2,144,6,4,13,,Appears to be unknown
279,145.1,C_{145},145,145,1,145,145,"Rogers (1963, Theorem 1)"
280,146.2,C_{146},146,146,1,146,146,"Rogers (1963, Theorem 1)"
281,147.2,C_{147},147,147,1,147,147,"Rogers (1963, Theorem 1)"
282,147.6,C_7\times C_{21},147,21,2,27,27,Olson (1969-II)
283,148.2,C_{148},148,148,1,148,148,"Rogers (1963, Theorem 1)"
284,148.5,C_2\times C_{74},148,74,2,75,75,Olson (1969-II)
285,149.1,C_{149},149,149,1,149,149,"Rogers (1963, Theorem 1)"
286,150.4,C_{150},150,150,1,150,150,"Rogers (1963, Theorem 1)"
287,150.13,C_5\times C_{30},150,30,2,34,34,Olson (1969-II)
288,151.1,C_{151},151,151,1,151,151,"Rogers (1963, Theorem 1)"
289,152.2,C_{152},152,152,1,152,152,"Rogers (1963, Theorem 1)"
290,152.8,C_2\times C_{76},152,76,2,77,77,Olson (1969-II)
291,152.12,C_2^2\times C_{38},152,38,3,40,40,van Emde Boas (1969) + later works
292,153.1,C_{153},153,153,1,153,153,"Rogers (1963, Theorem 1)"
293,153.2,C_3\times C_{51},153,51,2,53,53,Olson (1969-II)
294,154.4,C_{154},154,154,1,154,154,"Rogers (1963, Theorem 1)"
295,155.2,C_{155},155,155,1,155,155,"Rogers (1963, Theorem 1)"
296,156.6,C_{156},156,156,1,156,156,"Rogers (1963, Theorem 1)"
297,156.18,C_2\times C_{78},156,78,2,79,79,Olson (1969-II)
298,157.1,C_{157},157,157,1,157,157,"Rogers (1963, Theorem 1)"
299,158.2,C_{158},158,158,1,158,158,"Rogers (1963, Theorem 1)"
300,159.1,C_{159},159,159,1,159,159,"Rogers (1963, Theorem 1)"
301,160.2,C_{160},160,160,1,160,160,"Rogers (1963, Theorem 1)"
302,160.46,C_4\times C_{40},160,40,2,43,43,Olson (1969-II)
303,160.59,C_2\times C_{80},160,80,2,81,81,Olson (1969-II)
304,160.175,C_2\times C_4\times C_{20},160,20,3,24,24,van Emde Boas (1969) + later works
305,160.190,C_2^2\times C_{40},160,40,3,42,42,van Emde Boas (1969) + later works
306,160.228,C_2^3\times C_{20},160,20,4,23,23,Baayen (1969)
307,160.238,C_2^4\times C_{10},160,10,5,14,15,"Schmid (2011, via Ponomarenko)"
308,161.1,C_{161},161,161,1,161,161,"Rogers (1963, Theorem 1)"
309,162.2,C_{162},162,162,1,162,162,"Rogers (1963, Theorem 1)"
310,162.23,C_9\times C_{18},162,18,2,26,26,Olson (1969-II)
311,162.26,C_3\times C_{54},162,54,2,56,56,Olson (1969-II)
312,162.47,C_3^2\times C_{18},162,18,3,22,22,"Bhowmik, Schlage-Puchta (2007)"
313,162.55,C_3^3\times C_6,162,6,4,12,13,"Schmid (2011, via Ponomarenko)"
314,163.1,C_{163},163,163,1,163,163,"Rogers (1963, Theorem 1)"
315,164.2,C_{164},164,164,1,164,164,"Rogers (1963, Theorem 1)"
316,164.5,C_2\times C_{82},164,82,2,83,83,Olson (1969-II)
317,165.2,C_{165},165,165,1,165,165,"Rogers (1963, Theorem 1)"
318,166.2,C_{166},166,166,1,166,166,"Rogers (1963, Theorem 1)"
319,167.1,C_{167},167,167,1,167,167,"Rogers (1963, Theorem 1)"
320,168.6,C_{168},168,168,1,168,168,"Rogers (1963, Theorem 1)"
321,168.39,C_2\times C_{84},168,84,2,85,85,Olson (1969-II)
322,168.57,C_2^2\times C_{42},168,42,3,44,44,van Emde Boas (1969) + later works
323,169.1,C_{169},169,169,1,169,169,"Rogers (1963, Theorem 1)"
324,169.2,C_{13}^2,169,13,2,25,25,Olson (1969-I)
325,170.4,C_{170},170,170,1,170,170,"Rogers (1963, Theorem 1)"
326,171.2,C_{171},171,171,1,171,171,"Rogers (1963, Theorem 1)"
327,171.5,C_3\times C_{57},171,57,2,59,59,Olson (1969-II)
328,172.2,C_{172},172,172,1,172,172,"Rogers (1963, Theorem 1)"
329,172.4,C_2\times C_{86},172,86,2,87,87,Olson (1969-II)
330,173.1,C_{173},173,173,1,173,173,"Rogers (1963, Theorem 1)"
331,174.4,C_{174},174,174,1,174,174,"Rogers (1963, Theorem 1)"
332,175.1,C_{175},175,175,1,175,175,"Rogers (1963, Theorem 1)"
333,175.2,C_5\times C_{35},175,35,2,39,39,Olson (1969-II)
334,176.2,C_{176},176,176,1,176,176,"Rogers (1963, Theorem 1)"
335,176.19,C_4\times C_{44},176,44,2,47,47,Olson (1969-II)
336,176.22,C_2\times C_{88},176,88,2,89,89,Olson (1969-II)
337,176.37,C_2^2\times C_{44},176,44,3,46,46,van Emde Boas (1969) + later works
338,176.42,C_2^3\times C_{22},176,22,4,25,25,Baayen (1969)
339,177.1,C_{177},177,177,1,177,177,"Rogers (1963, Theorem 1)"
340,178.2,C_{178},178,178,1,178,178,"Rogers (1963, Theorem 1)"
341,179.1,C_{179},179,179,1,179,179,"Rogers (1963, Theorem 1)"
342,180.4,C_{180},180,180,1,180,180,"Rogers (1963, Theorem 1)"
343,180.12,C_2\times C_{90},180,90,2,91,91,Olson (1969-II)
344,180.18,C_3\times C_{60},180,60,2,62,62,Olson (1969-II)
345,180.37,C_6\times C_{30},180,30,2,35,35,Olson (1969-II)
346,181.1,C_{181},181,181,1,181,181,"Rogers (1963, Theorem 1)"
347,182.4,C_{182},182,182,1,182,182,"Rogers (1963, Theorem 1)"
348,183.2,C_{183},183,183,1,183,183,"Rogers (1963, Theorem 1)"
349,184.2,C_{184},184,184,1,184,184,"Rogers (1963, Theorem 1)"
350,184.8,C_2\times C_{92},184,92,2,93,93,Olson (1969-II)
351,184.12,C_2^2\times C_{46},184,46,3,48,48,van Emde Boas (1969) + later works
352,185.1,C_{185},185,185,1,185,185,"Rogers (1963, Theorem 1)"
353,186.6,C_{186},186,186,1,186,186,"Rogers (1963, Theorem 1)"
354,187.1,C_{187},187,187,1,187,187,"Rogers (1963, Theorem 1)"
355,188.2,C_{188},188,188,1,188,188,"Rogers (1963, Theorem 1)"
356,188.4,C_2\times C_{94},188,94,2,95,95,Olson (1969-II)
357,189.2,C_{189},189,189,1,189,189,"Rogers (1963, Theorem 1)"
358,189.9,C_3\times C_{63},189,63,2,65,65,Olson (1969-II)
359,189.13,C_3^2\times C_{21},189,21,3,25,25,"Bhowmik, Schlage-Puchta (2007)"
360,190.4,C_{190},190,190,1,190,190,"Rogers (1963, Theorem 1)"
361,191.1,C_{191},191,191,1,191,191,"Rogers (1963, Theorem 1)"
362,192.2,C_{192},192,192,1,192,192,"Rogers (1963, Theorem 1)"
363,192.127,C_8\times C_{24},192,24,2,31,31,Olson (1969-II)
364,192.151,C_4\times C_{48},192,48,2,51,51,Olson (1969-II)
365,192.175,C_2\times C_{96},192,96,2,97,97,Olson (1969-II)
366,192.807,C_4^2\times C_{12},192,12,3,18,18,Schmid (2011)
367,192.835,C_2\times C_4\times C_{24},192,24,3,28,28,van Emde Boas (1969) + later works
368,192.935,C_2^2\times C_{48},192,48,3,50,50,van Emde Boas (1969) + later works
369,192.1400,C_2^2\times C_4\times C_{12},192,12,4,17,,Appears to be unknown
370,192.1454,C_2^3\times C_{24},192,24,4,27,27,Baayen (1969)
371,192.1530,C_2^4\times C_{12},192,12,5,16,,Appears to be unknown
372,192.1543,C_2^5\times C_6,192,6,6,11,12,"Schmid (2011, via Ponomarenko)"
373,193.1,C_{193},193,193,1,193,193,"Rogers (1963, Theorem 1)"
374,194.2,C_{194},194,194,1,194,194,"Rogers (1963, Theorem 1)"
375,195.2,C_{195},195,195,1,195,195,"Rogers (1963, Theorem 1)"
376,196.2,C_{196},196,196,1,196,196,"Rogers (1963, Theorem 1)"
377,196.4,C_2\times C_{98},196,98,2,99,99,Olson (1969-II)
378,196.7,C_7\times C_{28},196,28,2,34,34,Olson (1969-II)
379,196.12,C_{14}^2,196,14,2,27,27,Olson (1969-II)
380,197.1,C_{197},197,197,1,197,197,"Rogers (1963, Theorem 1)"
381,198.4,C_{198},198,198,1,198,198,"Rogers (1963, Theorem 1)"
382,198.10,C_3\times C_{66},198,66,2,68,68,Olson (1969-II)
383,199.1,C_{199},199,199,1,199,199,"Rogers (1963, Theorem 1)"
384,200.2,C_{200},200,200,1,200,200,"Rogers (1963, Theorem 1)"
385,200.9,C_2\times C_{100},200,100,2,101,101,Olson (1969-II)
386,200.14,C_2^2\times C_{50},200,50,3,52,52,van Emde Boas (1969) + later works
387,200.17,C_5\times C_{40},200,40,2,44,44,Olson (1969-II)
388,200.37,C_{10}\times C_{20},200,20,2,29,29,Olson (1969-II)
389,200.52,C_2\times C_{10}^2,200,10,3,20,20,van Emde Boas (1969) + later works
390,201.2,C_{201},201,201,1,201,201,"Rogers (1963, Theorem 1)"
391,202.2,C_{202},202,202,1,202,202,"Rogers (1963, Theorem 1)"
392,203.2,C_{203},203,203,1,203,203,"Rogers (1963, Theorem 1)"
393,204.4,C_{204},204,204,1,204,204,"Rogers (1963, Theorem 1)"
394,204.12,C_2\times C_{102},204,102,2,103,103,Olson (1969-II)
395,205.2,C_{205},205,205,1,205,205,"Rogers (1963, Theorem 1)"
396,206.2,C_{206},206,206,1,206,206,"Rogers (1963, Theorem 1)"
397,207.1,C_{207},207,207,1,207,207,"Rogers (1963, Theorem 1)"
398,207.2,C_3\times C_{69},207,69,2,71,71,Olson (1969-II)
399,208.2,C_{208},208,208,1,208,208,"Rogers (1963, Theorem 1)"
400,208.20,C_4\times C_{52},208,52,2,55,55,Olson (1969-II)
401,208.23,C_2\times C_{104},208,104,2,105,105,Olson (1969-II)
402,208.45,C_2^2\times C_{52},208,52,3,54,54,van Emde Boas (1969) + later works
403,208.51,C_2^3\times C_{26},208,26,4,29,29,Baayen (1969)
404,209.1,C_{209},209,209,1,209,209,"Rogers (1963, Theorem 1)"
405,210.12,C_{210},210,210,1,210,210,"Rogers (1963, Theorem 1)"
406,211.1,C_{211},211,211,1,211,211,"Rogers (1963, Theorem 1)"
407,212.2,C_{212},212,212,1,212,212,"Rogers (1963, Theorem 1)"
408,212.5,C_2\times C_{106},212,106,2,107,107,Olson (1969-II)
409,213.1,C_{213},213,213,1,213,213,"Rogers (1963, Theorem 1)"
410,214.2,C_{214},214,214,1,214,214,"Rogers (1963, Theorem 1)"
411,215.1,C_{215},215,215,1,215,215,"Rogers (1963, Theorem 1)"
412,216.2,C_{216},216,216,1,216,216,"Rogers (1963, Theorem 1)"
413,216.9,C_2\times C_{108},216,108,2,109,109,Olson (1969-II)
414,216.18,C_3\times C_{72},216,72,2,74,74,Olson (1969-II)
415,216.24,C_2^2\times C_{54},216,54,3,56,56,van Emde Boas (1969) + later works
416,216.73,C_6\times C_{36},216,36,2,41,41,Olson (1969-II)
417,216.85,C_3^2\times C_{24},216,24,3,28,28,"Bhowmik, Schlage-Puchta (2007)"
418,216.114,C_2\times C_6\times C_{18},216,18,3,24,24,van Emde Boas (1969) + later works
419,216.150,C_3\times C_6\times C_{12},216,12,3,19,19,van Emde Boas (1969) + later works
420,216.177,C_6^3,216,6,3,16,16,Schmid (2011)
421,217.1,C_{217},217,217,1,217,217,"Rogers (1963, Theorem 1)"
422,218.2,C_{218},218,218,1,218,218,"Rogers (1963, Theorem 1)"
423,219.2,C_{219},219,219,1,219,219,"Rogers (1963, Theorem 1)"
424,220.6,C_{220},220,220,1,220,220,"Rogers (1963, Theorem 1)"
425,220.15,C_2\times C_{110},220,110,2,111,111,Olson (1969-II)
426,221.1,C_{221},221,221,1,221,221,"Rogers (1963, Theorem 1)"
427,222.6,C_{222},222,222,1,222,222,"Rogers (1963, Theorem 1)"
428,223.1,C_{223},223,223,1,223,223,"Rogers (1963, Theorem 1)"
429,224.2,C_{224},224,224,1,224,224,"Rogers (1963, Theorem 1)"
430,224.45,C_4\times C_{56},224,56,2,59,59,Olson (1969-II)
431,224.58,C_2\times C_{112},224,112,2,113,113,Olson (1969-II)
432,224.149,C_2\times C_4\times C_{28},224,28,3,32,32,van Emde Boas (1969) + later works
433,224.164,C_2^2\times C_{56},224,56,3,58,58,van Emde Boas (1969) + later works
434,224.189,C_2^3\times C_{28},224,28,4,31,31,Baayen (1969)
435,224.197,C_2^4\times C_{14},224,14,5,18,,Appears to be unknown
436,225.1,C_{225},225,225,1,225,225,"Rogers (1963, Theorem 1)"
437,225.2,C_3\times C_{75},225,75,2,77,77,Olson (1969-II)
438,225.4,C_5\times C_{45},225,45,2,49,49,Olson (1969-II)
439,225.6,C_{15}^2,225,15,2,29,29,Olson (1969-II)
440,226.2,C_{226},226,226,1,226,226,"Rogers (1963, Theorem 1)"
441,227.1,C_{227},227,227,1,227,227,"Rogers (1963, Theorem 1)"
442,228.6,C_{228},228,228,1,228,228,"Rogers (1963, Theorem 1)"
443,228.15,C_2\times C_{114},228,114,2,115,115,Olson (1969-II)
444,229.1,C_{229},229,229,1,229,229,"Rogers (1963, Theorem 1)"
445,230.4,C_{230},230,230,1,230,230,"Rogers (1963, Theorem 1)"
446,231.2,C_{231},231,231,1,231,231,"Rogers (1963, Theorem 1)"
447,232.2,C_{232},232,232,1,232,232,"Rogers (1963, Theorem 1)"
448,232.9,C_2\times C_{116},232,116,2,117,117,Olson (1969-II)
449,232.14,C_2^2\times C_{58},232,58,3,60,60,van Emde Boas (1969) + later works
450,233.1,C_{233},233,233,1,233,233,"Rogers (1963, Theorem 1)"
451,234.6,C_{234},234,234,1,234,234,"Rogers (1963, Theorem 1)"
452,234.16,C_3\times C_{78},234,78,2,80,80,Olson (1969-II)
453,235.1,C_{235},235,235,1,235,235,"Rogers (1963, Theorem 1)"
454,236.2,C_{236},236,236,1,236,236,"Rogers (1963, Theorem 1)"
455,236.4,C_2\times C_{118},236,118,2,119,119,Olson (1969-II)
456,237.2,C_{237},237,237,1,237,237,"Rogers (1963, Theorem 1)"
457,238.4,C_{238},238,238,1,238,238,"Rogers (1963, Theorem 1)"
458,239.1,C_{239},239,239,1,239,239,"Rogers (1963, Theorem 1)"
459,240.4,C_{240},240,240,1,240,240,"Rogers (1963, Theorem 1)"
460,240.81,C_4\times C_{60},240,60,2,63,63,Olson (1969-II)
461,240.84,C_2\times C_{120},240,120,2,121,121,Olson (1969-II)
462,240.185,C_2^2\times C_{60},240,60,3,62,62,van Emde Boas (1969) + later works
463,240.208,C_2^3\times C_{30},240,30,4,33,33,Baayen (1969)
464,241.1,C_{241},241,241,1,241,241,"Rogers (1963, Theorem 1)"
465,242.2,C_{242},242,242,1,242,242,"Rogers (1963, Theorem 1)"
466,242.5,C_{11}\times C_{22},242,22,2,32,32,Olson (1969-II)
467,243.1,C_{243},243,243,1,243,243,"Rogers (1963, Theorem 1)"
468,243.10,C_9\times C_{27},243,27,2,35,35,Olson (1969-I)
469,243.23,C_3\times C_{81},243,81,2,83,83,Olson (1969-I)
470,243.31,C_3\times C_9^2,243,9,3,19,19,Olson (1969-I)
471,243.48,C_3^2\times C_{27},243,27,3,31,31,Olson (1969-I)
472,243.61,C_3^3\times C_9,243,9,4,15,15,Olson (1969-I)
473,243.67,C_3^5,243,3,5,11,11,Olson (1969-I)
474,244.2,C_{244},244,244,1,244,244,"Rogers (1963, Theorem 1)"
475,244.5,C_2\times C_{122},244,122,2,123,123,Olson (1969-II)
476,245.1,C_{245},245,245,1,245,245,"Rogers (1963, Theorem 1)"
477,245.2,C_7\times C_{35},245,35,2,41,41,Olson (1969-II)
478,246.4,C_{246},246,246,1,246,246,"Rogers (1963, Theorem 1)"
479,247.1,C_{247},247,247,1,247,247,"Rogers (1963, Theorem 1)"
480,248.2,C_{248},248,248,1,248,248,"Rogers (1963, Theorem 1)"
481,248.8,C_2\times C_{124},248,124,2,125,125,Olson (1969-II)
482,248.12,C_2^2\times C_{62},248,62,3,64,64,van Emde Boas (1969) + later works
483,249.1,C_{249},249,249,1,249,249,"Rogers (1963, Theorem 1)"
484,250.2,C_{250},250,250,1,250,250,"Rogers (1963, Theorem 1)"
485,250.9,C_5\times C_{50},250,50,2,54,54,Olson (1969-II)
486,250.15,C_5^2\times C_{10},250,10,3,18,18,"Sheikh (2017, Theorem 6.1)"
487,251.1,C_{251},251,251,1,251,251,"Rogers (1963, Theorem 1)"
488,252.6,C_{252},252,252,1,252,252,"Rogers (1963, Theorem 1)"
489,252.15,C_2\times C_{126},252,126,2,127,127,Olson (1969-II)
490,252.25,C_3\times C_{84},252,84,2,86,86,Olson (1969-II)
491,252.46,C_6\times C_{42},252,42,2,47,47,Olson (1969-II)
492,253.2,C_{253},253,253,1,253,253,"Rogers (1963, Theorem 1)"
493,254.2,C_{254},254,254,1,254,254,"Rogers (1963, Theorem 1)"
494,255.1,C_{255},255,255,1,255,255,"Rogers (1963, Theorem 1)"
495,256.1,C_{256},256,256,1,256,256,"Rogers (1963, Theorem 1)"
496,256.39,C_{16}^2,256,16,2,31,31,Olson (1969-I)
497,256.316,C_8\times C_{32},256,32,2,39,39,Olson (1969-I)
498,256.497,C_4\times C_{64},256,64,2,67,67,Olson (1969-I)
499,256.537,C_2\times C_{128},256,128,2,129,129,Olson (1969-I)
500,256.826,C_4\times C_8^2,256,8,3,18,18,Olson (1969-I)
501,256.4384,C_2\times C_8\times C_{16},256,16,3,24,24,Olson (1969-I)
502,256.5525,C_4^2\times C_{16},256,16,3,22,22,Olson (1969-I)
503,256.6534,C_2\times C_4\times C_{32},256,32,3,36,36,Olson (1969-I)
504,256.6723,C_2^2\times C_{64},256,64,3,66,66,Olson (1969-I)
505,256.6732,C_4^4,256,4,4,13,13,Olson (1969-I)
506,256.10298,C_2^2\times C_8^2,256,8,4,17,17,Olson (1969-I)
507,256.13313,C_2\times C_4^2\times C_8,256,8,4,15,15,Olson (1969-I)
508,256.26308,C_2^2\times C_4\times C_{16},256,16,4,21,21,Olson (1969-I)
509,256.26959,C_2^3\times C_{32},256,32,4,35,35,Olson (1969-I)
510,256.26973,C_2^2\times C_4^3,256,4,5,12,12,Olson (1969-I)
511,256.53038,C_2^3\times C_4\times C_8,256,8,5,14,14,Olson (1969-I)
512,256.55608,C_2^4\times C_{16},256,16,5,20,20,Olson (1969-I)
513,256.55626,C_2^4\times C_4^2,256,4,6,11,11,Olson (1969-I)
514,256.56059,C_2^5\times C_8,256,8,6,13,13,Olson (1969-I)
515,256.56082,C_2^6\times C_4,256,4,7,10,10,Olson (1969-I)
516,256.56092,C_2^8,256,2,8,9,9,Olson (1969-I)
517,257.1,C_{257},257,257,1,257,257,"Rogers (1963, Theorem 1)"
518,258.6,C_{258},258,258,1,258,258,"Rogers (1963, Theorem 1)"
519,259.1,C_{259},259,259,1,259,259,"Rogers (1963, Theorem 1)"
520,260.4,C_{260},260,260,1,260,260,"Rogers (1963, Theorem 1)"
521,260.15,C_2\times C_{130},260,130,2,131,131,Olson (1969-II)
522,261.1,C_{261},261,261,1,261,261,"Rogers (1963, Theorem 1)"
523,261.2,C_3\times C_{87},261,87,2,89,89,Olson (1969-II)
524,262.2,C_{262},262,262,1,262,262,"Rogers (1963, Theorem 1)"
525,263.1,C_{263},263,263,1,263,263,"Rogers (1963, Theorem 1)"
526,264.4,C_{264},264,264,1,264,264,"Rogers (1963, Theorem 1)"
527,264.28,C_2\times C_{132},264,132,2,133,133,Olson (1969-II)
528,264.39,C_2^2\times C_{66},264,66,3,68,68,van Emde Boas (1969) + later works
529,265.1,C_{265},265,265,1,265,265,"Rogers (1963, Theorem 1)"
530,266.4,C_{266},266,266,1,266,266,"Rogers (1963, Theorem 1)"
531,267.1,C_{267},267,267,1,267,267,"Rogers (1963, Theorem 1)"
532,268.2,C_{268},268,268,1,268,268,"Rogers (1963, Theorem 1)"
533,268.4,C_2\times C_{134},268,134,2,135,135,Olson (1969-II)
534,269.1,C_{269},269,269,1,269,269,"Rogers (1963, Theorem 1)"
535,270.4,C_{270},270,270,1,270,270,"Rogers (1963, Theorem 1)"
536,270.20,C_3\times C_{90},270,90,2,92,92,Olson (1969-II)
537,270.30,C_3^2\times C_{30},270,30,3,34,34,"Bhowmik, Schlage-Puchta (2007)"
538,271.1,C_{271},271,271,1,271,271,"Rogers (1963, Theorem 1)"
539,272.2,C_{272},272,272,1,272,272,"Rogers (1963, Theorem 1)"
540,272.20,C_4\times C_{68},272,68,2,71,71,Olson (1969-II)
541,272.23,C_2\times C_{136},272,136,2,137,137,Olson (1969-II)
542,272.46,C_2^2\times C_{68},272,68,3,70,70,van Emde Boas (1969) + later works
543,272.54,C_2^3\times C_{34},272,34,4,37,37,Baayen (1969)
544,273.5,C_{273},273,273,1,273,273,"Rogers (1963, Theorem 1)"
545,274.2,C_{274},274,274,1,274,274,"Rogers (1963, Theorem 1)"
546,275.2,C_{275},275,275,1,275,275,"Rogers (1963, Theorem 1)"
547,275.4,C_5\times C_{55},275,55,2,59,59,Olson (1969-II)
548,276.4,C_{276},276,276,1,276,276,"Rogers (1963, Theorem 1)"
549,276.10,C_2\times C_{138},276,138,2,139,139,Olson (1969-II)
550,277.1,C_{277},277,277,1,277,277,"Rogers (1963, Theorem 1)"
551,278.2,C_{278},278,278,1,278,278,"Rogers (1963, Theorem 1)"
552,279.2,C_{279},279,279,1,279,279,"Rogers (1963, Theorem 1)"
553,279.4,C_3\times C_{93},279,93,2,95,95,Olson (1969-II)
554,280.4,C_{280},280,280,1,280,280,"Rogers (1963, Theorem 1)"
555,280.29,C_2\times C_{140},280,140,2,141,141,Olson (1969-II)
556,280.40,C_2^2\times C_{70},280,70,3,72,72,van Emde Boas (1969) + later works
557,281.1,C_{281},281,281,1,281,281,"Rogers (1963, Theorem 1)"
558,282.4,C_{282},282,282,1,282,282,"Rogers (1963, Theorem 1)"
559,283.1,C_{283},283,283,1,283,283,"Rogers (1963, Theorem 1)"
560,284.2,C_{284},284,284,1,284,284,"Rogers (1963, Theorem 1)"
561,284.4,C_2\times C_{142},284,142,2,143,143,Olson (1969-II)
562,285.2,C_{285},285,285,1,285,285,"Rogers (1963, Theorem 1)"
563,286.4,C_{286},286,286,1,286,286,"Rogers (1963, Theorem 1)"
564,287.1,C_{287},287,287,1,287,287,"Rogers (1963, Theorem 1)"
565,288.2,C_{288},288,288,1,288,288,"Rogers (1963, Theorem 1)"
566,288.46,C_4\times C_{72},288,72,2,75,75,Olson (1969-II)
567,288.59,C_2\times C_{144},288,144,2,145,145,Olson (1969-II)
568,288.66,C_3\times C_{96},288,96,2,98,98,Olson (1969-II)
569,288.164,C_2\times C_4\times C_{36},288,36,3,40,40,van Emde Boas (1969) + later works
570,288.179,C_2^2\times C_{72},288,72,3,74,74,van Emde Boas (1969) + later works
571,288.314,C_{12}\times C_{24},288,24,2,35,35,Olson (1969-II)
572,288.327,C_6\times C_{48},288,48,2,53,53,Olson (1969-II)
573,288.367,C_2^3\times C_{36},288,36,4,39,39,Baayen (1969)
574,288.811,C_2\times C_{12}^2,288,12,3,24,24,van Emde Boas (1969) + later works
575,288.826,C_2\times C_6\times C_{24},288,24,3,30,30,van Emde Boas (1969) + later works
576,288.840,C_2^4\times C_{18},288,18,5,22,,Appears to be unknown
577,288.1018,C_2^2\times C_6\times C_{12},288,12,4,19,,Appears to be unknown
578,288.1045,C_2^3\times C_6^2,288,6,5,14,,Appears to be unknown
579,289.1,C_{289},289,289,1,289,289,"Rogers (1963, Theorem 1)"
580,289.2,C_{17}^2,289,17,2,33,33,Olson (1969-I)
581,290.4,C_{290},290,290,1,290,290,"Rogers (1963, Theorem 1)"
582,291.2,C_{291},291,291,1,291,291,"Rogers (1963, Theorem 1)"
583,292.2,C_{292},292,292,1,292,292,"Rogers (1963, Theorem 1)"
584,292.5,C_2\times C_{146},292,146,2,147,147,Olson (1969-II)
585,293.1,C_{293},293,293,1,293,293,"Rogers (1963, Theorem 1)"
586,294.6,C_{294},294,294,1,294,294,"Rogers (1963, Theorem 1)"
587,294.23,C_7\times C_{42},294,42,2,48,48,Olson (1969-II)
588,295.1,C_{295},295,295,1,295,295,"Rogers (1963, Theorem 1)"
589,296.2,C_{296},296,296,1,296,296,"Rogers (1963, Theorem 1)"
590,296.9,C_2\times C_{148},296,148,2,149,149,Olson (1969-II)
591,296.14,C_2^2\times C_{74},296,74,3,76,76,van Emde Boas (1969) + later works
592,297.1,C_{297},297,297,1,297,297,"Rogers (1963, Theorem 1)"
593,297.2,C_3\times C_{99},297,99,2,101,101,Olson (1969-II)
594,297.5,C_3^2\times C_{33},297,33,3,37,37,"Bhowmik, Schlage-Puchta (2007)"
595,298.2,C_{298},298,298,1,298,298,"Rogers (1963, Theorem 1)"
596,299.1,C_{299},299,299,1,299,299,"Rogers (1963, Theorem 1)"
597,300.4,C_{300},300,300,1,300,300,"Rogers (1963, Theorem 1)"
598,300.12,C_2\times C_{150},300,150,2,151,151,Olson (1969-II)
599,300.21,C_5\times C_{60},300,60,2,64,64,Olson (1969-II)
600,300.49,C_{10}\times C_{30},300,30,2,39,39,Olson (1969-II)
601,301.2,C_{301},301,301,1,301,301,"Rogers (1963, Theorem 1)"
602,302.2,C_{302},302,302,1,302,302,"Rogers (1963, Theorem 1)"
603,303.1,C_{303},303,303,1,303,303,"Rogers (1963, Theorem 1)"
604,304.2,C_{304},304,304,1,304,304,"Rogers (1963, Theorem 1)"
605,304.19,C_4\times C_{76},304,76,2,79,79,Olson (1969-II)
606,304.22,C_2\times C_{152},304,152,2,153,153,Olson (1969-II)
607,304.37,C_2^2\times C_{76},304,76,3,78,78,van Emde Boas (1969) + later works
608,304.42,C_2^3\times C_{38},304,38,4,41,41,Baayen (1969)
609,305.2,C_{305},305,305,1,305,305,"Rogers (1963, Theorem 1)"
610,306.4,C_{306},306,306,1,306,306,"Rogers (1963, Theorem 1)"
611,306.10,C_3\times C_{102},306,102,2,104,104,Olson (1969-II)
612,307.1,C_{307},307,307,1,307,307,"Rogers (1963, Theorem 1)"
613,308.4,C_{308},308,308,1,308,308,"Rogers (1963, Theorem 1)"
614,308.9,C_2\times C_{154},308,154,2,155,155,Olson (1969-II)
615,309.2,C_{309},309,309,1,309,309,"Rogers (1963, Theorem 1)"
616,310.6,C_{310},310,310,1,310,310,"Rogers (1963, Theorem 1)"
617,311.1,C_{311},311,311,1,311,311,"Rogers (1963, Theorem 1)"
618,312.6,C_{312},312,312,1,312,312,"Rogers (1963, Theorem 1)"
619,312.42,C_2\times C_{156},312,156,2,157,157,Olson (1969-II)
620,312.61,C_2^2\times C_{78},312,78,3,80,80,van Emde Boas (1969) + later works
621,313.1,C_{313},313,313,1,313,313,"Rogers (1963, Theorem 1)"
622,314.2,C_{314},314,314,1,314,314,"Rogers (1963, Theorem 1)"
623,315.2,C_{315},315,315,1,315,315,"Rogers (1963, Theorem 1)"
624,315.4,C_3\times C_{105},315,105,2,107,107,Olson (1969-II)
625,316.2,C_{316},316,316,1,316,316,"Rogers (1963, Theorem 1)"
626,316.4,C_2\times C_{158},316,158,2,159,159,Olson (1969-II)
627,317.1,C_{317},317,317,1,317,317,"Rogers (1963, Theorem 1)"
628,318.4,C_{318},318,318,1,318,318,"Rogers (1963, Theorem 1)"
629,319.1,C_{319},319,319,1,319,319,"Rogers (1963, Theorem 1)"
630,320.2,C_{320},320,320,1,320,320,"Rogers (1963, Theorem 1)"
631,320.126,C_8\times C_{40},320,40,2,47,47,Olson (1969-II)
632,320.150,C_4\times C_{80},320,80,2,83,83,Olson (1969-II)
633,320.174,C_2\times C_{160},320,160,2,161,161,Olson (1969-II)
634,320.875,C_4^2\times C_{20},320,20,3,26,26,Schmid (2011)
635,320.903,C_2\times C_4\times C_{40},320,40,3,44,44,van Emde Boas (1969) + later works
636,320.1003,C_2^2\times C_{80},320,80,3,82,82,van Emde Boas (1969) + later works
637,320.1513,C_2^2\times C_4\times C_{20},320,20,4,25,,Appears to be unknown
638,320.1567,C_2^3\times C_{40},320,40,4,43,43,Baayen (1969)
639,320.1628,C_2^4\times C_{20},320,20,5,24,,Appears to be unknown
640,320.1640,C_2^5\times C_{10},320,10,6,15,,Appears to be unknown
641,321.1,C_{321},321,321,1,321,321,"Rogers (1963, Theorem 1)"
642,322.4,C_{322},322,322,1,322,322,"Rogers (1963, Theorem 1)"
643,323.1,C_{323},323,323,1,323,323,"Rogers (1963, Theorem 1)"
644,324.2,C_{324},324,324,1,324,324,"Rogers (1963, Theorem 1)"
645,324.5,C_2\times C_{162},324,162,2,163,163,Olson (1969-II)
646,324.26,C_9\times C_{36},324,36,2,44,44,Olson (1969-II)
647,324.29,C_3\times C_{108},324,108,2,110,110,Olson (1969-II)
648,324.81,C_{18}^2,324,18,2,35,35,Olson (1969-II)
649,324.84,C_6\times C_{54},324,54,2,59,59,Olson (1969-II)
650,324.105,C_3^2\times C_{36},324,36,3,40,40,"Bhowmik, Schlage-Puchta (2007)"
651,324.151,C_3\times C_6\times C_{18},324,18,3,25,25,van Emde Boas (1969) + later works
652,324.159,C_3^3\times C_{12},324,12,4,18,,Appears to be unknown
653,324.176,C_3^2\times C_6^2,324,6,4,15,,Appears to be unknown
654,325.1,C_{325},325,325,1,325,325,"Rogers (1963, Theorem 1)"
655,325.2,C_5\times C_{65},325,65,2,69,69,Olson (1969-II)
656,326.2,C_{326},326,326,1,326,326,"Rogers (1963, Theorem 1)"
657,327.2,C_{327},327,327,1,327,327,"Rogers (1963, Theorem 1)"
658,328.2,C_{328},328,328,1,328,328,"Rogers (1963, Theorem 1)"
659,328.9,C_2\times C_{164},328,164,2,165,165,Olson (1969-II)
660,328.15,C_2^2\times C_{82},328,82,3,84,84,van Emde Boas (1969) + later works
661,329.1,C_{329},329,329,1,329,329,"Rogers (1963, Theorem 1)"
662,330.12,C_{330},330,330,1,330,330,"Rogers (1963, Theorem 1)"
663,331.1,C_{331},331,331,1,331,331,"Rogers (1963, Theorem 1)"
664,332.2,C_{332},332,332,1,332,332,"Rogers (1963, Theorem 1)"
665,332.4,C_2\times C_{166},332,166,2,167,167,Olson (1969-II)
666,333.2,C_{333},333,333,1,333,333,"Rogers (1963, Theorem 1)"
667,333.5,C_3\times C_{111},333,111,2,113,113,Olson (1969-II)
668,334.2,C_{334},334,334,1,334,334,"Rogers (1963, Theorem 1)"
669,335.1,C_{335},335,335,1,335,335,"Rogers (1963, Theorem 1)"
670,336.6,C_{336},336,336,1,336,336,"Rogers (1963, Theorem 1)"
671,336.106,C_4\times C_{84},336,84,2,87,87,Olson (1969-II)
672,336.109,C_2\times C_{168},336,168,2,169,169,Olson (1969-II)
673,336.204,C_2^2\times C_{84},336,84,3,86,86,van Emde Boas (1969) + later works
674,336.228,C_2^3\times C_{42},336,42,4,45,45,Baayen (1969)
675,337.1,C_{337},337,337,1,337,337,"Rogers (1963, Theorem 1)"
676,338.2,C_{338},338,338,1,338,338,"Rogers (1963, Theorem 1)"
677,338.5,C_{13}\times C_{26},338,26,2,38,38,Olson (1969-II)
678,339.1,C_{339},339,339,1,339,339,"Rogers (1963, Theorem 1)"
679,340.4,C_{340},340,340,1,340,340,"Rogers (1963, Theorem 1)"
680,340.15,C_2\times C_{170},340,170,2,171,171,Olson (1969-II)
681,341.1,C_{341},341,341,1,341,341,"Rogers (1963, Theorem 1)"
682,342.6,C_{342},342,342,1,342,342,"Rogers (1963, Theorem 1)"
683,342.18,C_3\times C_{114},342,114,2,116,116,Olson (1969-II)
684,343.1,C_{343},343,343,1,343,343,"Rogers (1963, Theorem 1)"
685,343.2,C_7\times C_{49},343,49,2,55,55,Olson (1969-I)
686,343.5,C_7^3,343,7,3,19,19,Olson (1969-I)
687,344.2,C_{344},344,344,1,344,344,"Rogers (1963, Theorem 1)"
688,344.8,C_2\times C_{172},344,172,2,173,173,Olson (1969-II)
689,344.12,C_2^2\times C_{86},344,86,3,88,88,van Emde Boas (1969) + later works
690,345.1,C_{345},345,345,1,345,345,"Rogers (1963, Theorem 1)"
691,346.2,C_{346},346,346,1,346,346,"Rogers (1963, Theorem 1)"
692,347.1,C_{347},347,347,1,347,347,"Rogers (1963, Theorem 1)"
693,348.4,C_{348},348,348,1,348,348,"Rogers (1963, Theorem 1)"
694,348.12,C_2\times C_{174},348,174,2,175,175,Olson (1969-II)
695,349.1,C_{349},349,349,1,349,349,"Rogers (1963, Theorem 1)"
696,350.4,C_{350},350,350,1,350,350,"Rogers (1963, Theorem 1)"
697,350.10,C_5\times C_{70},350,70,2,74,74,Olson (1969-II)
698,351.2,C_{351},351,351,1,351,351,"Rogers (1963, Theorem 1)"
699,351.9,C_3\times C_{117},351,117,2,119,119,Olson (1969-II)
700,351.14,C_3^2\times C_{39},351,39,3,43,43,"Bhowmik, Schlage-Puchta (2007)"
701,352.2,C_{352},352,352,1,352,352,"Rogers (1963, Theorem 1)"
702,352.45,C_4\times C_{88},352,88,2,91,91,Olson (1969-II)
703,352.58,C_2\times C_{176},352,176,2,177,177,Olson (1969-II)
704,352.149,C_2\times C_4\times C_{44},352,44,3,48,48,van Emde Boas (1969) + later works
705,352.164,C_2^2\times C_{88},352,88,3,90,90,van Emde Boas (1969) + later works
706,352.188,C_2^3\times C_{44},352,44,4,47,47,Baayen (1969)
707,352.195,C_2^4\times C_{22},352,22,5,26,,Appears to be unknown
708,353.1,C_{353},353,353,1,353,353,"Rogers (1963, Theorem 1)"
709,354.4,C_{354},354,354,1,354,354,"Rogers (1963, Theorem 1)"
710,355.2,C_{355},355,355,1,355,355,"Rogers (1963, Theorem 1)"
711,356.2,C_{356},356,356,1,356,356,"Rogers (1963, Theorem 1)"
712,356.5,C_2\times C_{178},356,178,2,179,179,Olson (1969-II)
713,357.2,C_{357},357,357,1,357,357,"Rogers (1963, Theorem 1)"
714,358.2,C_{358},358,358,1,358,358,"Rogers (1963, Theorem 1)"
715,359.1,C_{359},359,359,1,359,359,"Rogers (1963, Theorem 1)"
716,360.4,C_{360},360,360,1,360,360,"Rogers (1963, Theorem 1)"
717,360.30,C_2\times C_{180},360,180,2,181,181,Olson (1969-II)
718,360.38,C_3\times C_{120},360,120,2,122,122,Olson (1969-II)
719,360.50,C_2^2\times C_{90},360,90,3,92,92,van Emde Boas (1969) + later works
720,360.115,C_6\times C_{60},360,60,2,65,65,Olson (1969-II)
721,360.162,C_2\times C_6\times C_{30},360,30,3,36,36,van Emde Boas (1969) + later works
722,361.1,C_{361},361,361,1,361,361,"Rogers (1963, Theorem 1)"
723,361.2,C_{19}^2,361,19,2,37,37,Olson (1969-I)
724,362.2,C_{362},362,362,1,362,362,"Rogers (1963, Theorem 1)"
725,363.1,C_{363},363,363,1,363,363,"Rogers (1963, Theorem 1)"
726,363.3,C_{11}\times C_{33},363,33,2,43,43,Olson (1969-II)
727,364.4,C_{364},364,364,1,364,364,"Rogers (1963, Theorem 1)"
728,364.11,C_2\times C_{182},364,182,2,183,183,Olson (1969-II)
729,365.1,C_{365},365,365,1,365,365,"Rogers (1963, Theorem 1)"
730,366.6,C_{366},366,366,1,366,366,"Rogers (1963, Theorem 1)"
731,367.1,C_{367},367,367,1,367,367,"Rogers (1963, Theorem 1)"
732,368.2,C_{368},368,368,1,368,368,"Rogers (1963, Theorem 1)"
733,368.19,C_4\times C_{92},368,92,2,95,95,Olson (1969-II)
734,368.22,C_2\times C_{184},368,184,2,185,185,Olson (1969-II)
735,368.37,C_2^2\times C_{92},368,92,3,94,94,van Emde Boas (1969) + later works
736,368.42,C_2^3\times C_{46},368,46,4,49,49,Baayen (1969)
737,369.1,C_{369},369,369,1,369,369,"Rogers (1963, Theorem 1)"
738,369.2,C_3\times C_{123},369,123,2,125,125,Olson (1969-II)
739,370.4,C_{370},370,370,1,370,370,"Rogers (1963, Theorem 1)"
740,371.1,C_{371},371,371,1,371,371,"Rogers (1963, Theorem 1)"
741,372.6,C_{372},372,372,1,372,372,"Rogers (1963, Theorem 1)"
742,372.15,C_2\times C_{186},372,186,2,187,187,Olson (1969-II)
743,373.1,C_{373},373,373,1,373,373,"Rogers (1963, Theorem 1)"
744,374.4,C_{374},374,374,1,374,374,"Rogers (1963, Theorem 1)"
745,375.1,C_{375},375,375,1,375,375,"Rogers (1963, Theorem 1)"
746,375.3,C_5\times C_{75},375,75,2,79,79,Olson (1969-II)
747,375.7,C_5^2\times C_{15},375,15,3,23,,Appears to be unknown
748,376.2,C_{376},376,376,1,376,376,"Rogers (1963, Theorem 1)"
749,376.8,C_2\times C_{188},376,188,2,189,189,Olson (1969-II)
750,376.12,C_2^2\times C_{94},376,94,3,96,96,van Emde Boas (1969) + later works
751,377.1,C_{377},377,377,1,377,377,"Rogers (1963, Theorem 1)"
752,378.6,C_{378},378,378,1,378,378,"Rogers (1963, Theorem 1)"
753,378.44,C_3\times C_{126},378,126,2,128,128,Olson (1969-II)
754,378.60,C_3^2\times C_{42},378,42,3,46,46,"Bhowmik, Schlage-Puchta (2007)"
755,379.1,C_{379},379,379,1,379,379,"Rogers (1963, Theorem 1)"
756,380.4,C_{380},380,380,1,380,380,"Rogers (1963, Theorem 1)"
757,380.11,C_2\times C_{190},380,190,2,191,191,Olson (1969-II)
758,381.2,C_{381},381,381,1,381,381,"Rogers (1963, Theorem 1)"
759,382.2,C_{382},382,382,1,382,382,"Rogers (1963, Theorem 1)"
760,383.1,C_{383},383,383,1,383,383,"Rogers (1963, Theorem 1)"
761,384.2,C_{384},384,384,1,384,384,"Rogers (1963, Theorem 1)"
762,384.446,C_8\times C_{48},384,48,2,55,55,Olson (1969-II)
763,384.532,C_4\times C_{96},384,96,2,99,99,Olson (1969-II)
764,384.563,C_2\times C_{192},384,192,2,193,193,Olson (1969-II)
765,384.4738,C_2\times C_8\times C_{24},384,24,3,32,32,van Emde Boas (1969) + later works
766,384.5015,C_4^2\times C_{24},384,24,3,30,30,Schmid (2011)
767,384.5396,C_2\times C_4\times C_{48},384,48,3,52,52,van Emde Boas (1969) + later works
768,384.5547,C_2^2\times C_{96},384,96,3,98,98,van Emde Boas (1969) + later works
769,384.16705,C_2\times C_4^2\times C_{12},384,12,4,19,,Appears to be unknown
770,384.17309,C_2^2\times C_4\times C_{24},384,24,4,29,29,"van Emde Boas (1969,II)"
771,384.17844,C_2^3\times C_{48},384,48,4,51,51,Baayen (1969)
772,384.19878,C_2^3\times C_4\times C_{12},384,12,5,18,,Appears to be unknown
773,384.20029,C_2^4\times C_{24},384,24,5,28,28,"van Emde Boas (1969,II)"
774,384.20153,C_2^5\times C_{12},384,12,6,17,,Appears to be unknown
775,384.20169,C_2^6\times C_6,384,6,7,12,13,"Schmid (2011, via Ponomarenko)"
776,385.2,C_{385},385,385,1,385,385,"Rogers (1963, Theorem 1)"
777,386.2,C_{386},386,386,1,386,386,"Rogers (1963, Theorem 1)"
778,387.2,C_{387},387,387,1,387,387,"Rogers (1963, Theorem 1)"
779,387.4,C_3\times C_{129},387,129,2,131,131,Olson (1969-II)
780,388.2,C_{388},388,388,1,388,388,"Rogers (1963, Theorem 1)"
781,388.5,C_2\times C_{194},388,194,2,195,195,Olson (1969-II)
782,389.1,C_{389},389,389,1,389,389,"Rogers (1963, Theorem 1)"
783,390.12,C_{390},390,390,1,390,390,"Rogers (1963, Theorem 1)"
784,391.1,C_{391},391,391,1,391,391,"Rogers (1963, Theorem 1)"
785,392.2,C_{392},392,392,1,392,392,"Rogers (1963, Theorem 1)"
786,392.8,C_2\times C_{196},392,196,2,197,197,Olson (1969-II)
787,392.13,C_2^2\times C_{98},392,98,3,100,100,van Emde Boas (1969) + later works
788,392.16,C_7\times C_{56},392,56,2,62,62,Olson (1969-II)
789,392.33,C_{14}\times C_{28},392,28,2,41,41,Olson (1969-II)
790,392.44,C_2\times C_{14}^2,392,14,3,28,28,van Emde Boas (1969) + later works
791,393.1,C_{393},393,393,1,393,393,"Rogers (1963, Theorem 1)"
792,394.2,C_{394},394,394,1,394,394,"Rogers (1963, Theorem 1)"
793,395.1,C_{395},395,395,1,395,395,"Rogers (1963, Theorem 1)"
794,396.4,C_{396},396,396,1,396,396,"Rogers (1963, Theorem 1)"
795,396.10,C_2\times C_{198},396,198,2,199,199,Olson (1969-II)
796,396.16,C_3\times C_{132},396,132,2,134,134,Olson (1969-II)
797,396.30,C_6\times C_{66},396,66,2,71,71,Olson (1969-II)
798,397.1,C_{397},397,397,1,397,397,"Rogers (1963, Theorem 1)"
799,398.2,C_{398},398,398,1,398,398,"Rogers (1963, Theorem 1)"
800,399.5,C_{399},399,399,1,399,399,"Rogers (1963, Theorem 1)"
801,400.2,C_{400},400,400,1,400,400,"Rogers (1963, Theorem 1)"
802,400.20,C_4\times C_{100},400,100,2,103,103,Olson (1969-II)
803,400.23,C_2\times C_{200},400,200,2,201,201,Olson (1969-II)
804,400.45,C_2^2\times C_{100},400,100,3,102,102,van Emde Boas (1969) + later works
805,400.51,C_5\times C_{80},400,80,2,84,84,Olson (1969-II)
806,400.55,C_2^3\times C_{50},400,50,4,53,53,Baayen (1969)
807,400.108,C_{20}^2,400,20,2,39,39,Olson (1969-II)
808,400.111,C_{10}\times C_{40},400,40,2,49,49,Olson (1969-II)
809,400.201,C_2\times C_{10}\times C_{20},400,20,3,30,30,van Emde Boas (1969) + later works
810,400.221,C_2^2\times C_{10}^2,400,10,4,21,,Appears to be unknown
811,401.1,C_{401},401,401,1,401,401,"Rogers (1963, Theorem 1)"
812,402.6,C_{402},402,402,1,402,402,"Rogers (1963, Theorem 1)"
813,403.1,C_{403},403,403,1,403,403,"Rogers (1963, Theorem 1)"
814,404.2,C_{404},404,404,1,404,404,"Rogers (1963, Theorem 1)"
815,404.5,C_2\times C_{202},404,202,2,203,203,Olson (1969-II)
816,405.1,C_{405},405,405,1,405,405,"Rogers (1963, Theorem 1)"
817,405.2,C_9\times C_{45},405,45,2,53,53,Olson (1969-II)
818,405.5,C_3\times C_{135},405,135,2,137,137,Olson (1969-II)
819,405.11,C_3^2\times C_{45},405,45,3,49,49,"Bhowmik, Schlage-Puchta (2007)"
820,405.16,C_3^3\times C_{15},405,15,4,21,,Appears to be unknown
821,406.6,C_{406},406,406,1,406,406,"Rogers (1963, Theorem 1)"
822,407.1,C_{407},407,407,1,407,407,"Rogers (1963, Theorem 1)"
823,408.4,C_{408},408,408,1,408,408,"Rogers (1963, Theorem 1)"
824,408.30,C_2\times C_{204},408,204,2,205,205,Olson (1969-II)
825,408.46,C_2^2\times C_{102},408,102,3,104,104,van Emde Boas (1969) + later works
826,409.1,C_{409},409,409,1,409,409,"Rogers (1963, Theorem 1)"
827,410.6,C_{410},410,410,1,410,410,"Rogers (1963, Theorem 1)"
828,411.1,C_{411},411,411,1,411,411,"Rogers (1963, Theorem 1)"
829,412.2,C_{412},412,412,1,412,412,"Rogers (1963, Theorem 1)"
830,412.4,C_2\times C_{206},412,206,2,207,207,Olson (1969-II)
831,413.1,C_{413},413,413,1,413,413,"Rogers (1963, Theorem 1)"
832,414.4,C_{414},414,414,1,414,414,"Rogers (1963, Theorem 1)"
833,414.10,C_3\times C_{138},414,138,2,140,140,Olson (1969-II)
834,415.1,C_{415},415,415,1,415,415,"Rogers (1963, Theorem 1)"
835,416.2,C_{416},416,416,1,416,416,"Rogers (1963, Theorem 1)"
836,416.46,C_4\times C_{104},416,104,2,107,107,Olson (1969-II)
837,416.59,C_2\times C_{208},416,208,2,209,209,Olson (1969-II)
838,416.175,C_2\times C_4\times C_{52},416,52,3,56,56,van Emde Boas (1969) + later works
839,416.190,C_2^2\times C_{104},416,104,3,106,106,van Emde Boas (1969) + later works
840,416.227,C_2^3\times C_{52},416,52,4,55,55,Baayen (1969)
841,416.235,C_2^4\times C_{26},416,26,5,30,,Appears to be unknown
842,417.2,C_{417},417,417,1,417,417,"Rogers (1963, Theorem 1)"
843,418.4,C_{418},418,418,1,418,418,"Rogers (1963, Theorem 1)"
844,419.1,C_{419},419,419,1,419,419,"Rogers (1963, Theorem 1)"
845,420.12,C_{420},420,420,1,420,420,"Rogers (1963, Theorem 1)"
846,420.41,C_2\times C_{210},420,210,2,211,211,Olson (1969-II)
847,421.1,C_{421},421,421,1,421,421,"Rogers (1963, Theorem 1)"
848,422.2,C_{422},422,422,1,422,422,"Rogers (1963, Theorem 1)"
849,423.1,C_{423},423,423,1,423,423,"Rogers (1963, Theorem 1)"
850,423.2,C_3\times C_{141},423,141,2,143,143,Olson (1969-II)
851,424.2,C_{424},424,424,1,424,424,"Rogers (1963, Theorem 1)"
852,424.9,C_2\times C_{212},424,212,2,213,213,Olson (1969-II)
853,424.14,C_2^2\times C_{106},424,106,3,108,108,van Emde Boas (1969) + later works
854,425.1,C_{425},425,425,1,425,425,"Rogers (1963, Theorem 1)"
855,425.2,C_5\times C_{85},425,85,2,89,89,Olson (1969-II)
856,426.4,C_{426},426,426,1,426,426,"Rogers (1963, Theorem 1)"
857,427.1,C_{427},427,427,1,427,427,"Rogers (1963, Theorem 1)"
858,428.2,C_{428},428,428,1,428,428,"Rogers (1963, Theorem 1)"
859,428.4,C_2\times C_{214},428,214,2,215,215,Olson (1969-II)
860,429.2,C_{429},429,429,1,429,429,"Rogers (1963, Theorem 1)"
861,430.4,C_{430},430,430,1,430,430,"Rogers (1963, Theorem 1)"
862,431.1,C_{431},431,431,1,431,431,"Rogers (1963, Theorem 1)"
863,432.2,C_{432},432,432,1,432,432,"Rogers (1963, Theorem 1)"
864,432.20,C_4\times C_{108},432,108,2,111,111,Olson (1969-II)
865,432.23,C_2\times C_{216},432,216,2,217,217,Olson (1969-II)
866,432.34,C_3\times C_{144},432,144,2,146,146,Olson (1969-II)
867,432.53,C_2^2\times C_{108},432,108,3,110,110,van Emde Boas (1969) + later works
868,432.200,C_{12}\times C_{36},432,36,2,47,47,Olson (1969-II)
869,432.209,C_6\times C_{72},432,72,2,77,77,Olson (1969-II)
870,432.228,C_2^3\times C_{54},432,54,4,57,57,Baayen (1969)
871,432.232,C_3^2\times C_{48},432,48,3,52,52,"Bhowmik, Schlage-Puchta (2007)"
872,432.400,C_2\times C_6\times C_{36},432,36,3,42,42,van Emde Boas (1969) + later works
873,432.512,C_3\times C_{12}^2,432,12,3,25,25,van Emde Boas (1969) + later works
874,432.515,C_3\times C_6\times C_{24},432,24,3,31,31,van Emde Boas (1969) + later works
875,432.562,C_2^2\times C_6\times C_{18},432,18,4,25,,Appears to be unknown
876,432.730,C_6^2\times C_{12},432,12,3,22,22,Schmid (2011)
877,432.775,C_2\times C_6^3,432,6,4,17,,Appears to be unknown
878,433.1,C_{433},433,433,1,433,433,"Rogers (1963, Theorem 1)"
879,434.4,C_{434},434,434,1,434,434,"Rogers (1963, Theorem 1)"
880,435.1,C_{435},435,435,1,435,435,"Rogers (1963, Theorem 1)"
881,436.2,C_{436},436,436,1,436,436,"Rogers (1963, Theorem 1)"
882,436.5,C_2\times C_{218},436,218,2,219,219,Olson (1969-II)
883,437.1,C_{437},437,437,1,437,437,"Rogers (1963, Theorem 1)"
884,438.6,C_{438},438,438,1,438,438,"Rogers (1963, Theorem 1)"
885,439.1,C_{439},439,439,1,439,439,"Rogers (1963, Theorem 1)"
886,440.6,C_{440},440,440,1,440,440,"Rogers (1963, Theorem 1)"
887,440.39,C_2\times C_{220},440,220,2,221,221,Olson (1969-II)
888,440.51,C_2^2\times C_{110},440,110,3,112,112,van Emde Boas (1969) + later works
889,441.2,C_{441},441,441,1,441,441,"Rogers (1963, Theorem 1)"
890,441.4,C_3\times C_{147},441,147,2,149,149,Olson (1969-II)
891,441.8,C_7\times C_{63},441,63,2,69,69,Olson (1969-II)
892,441.13,C_{21}^2,441,21,2,41,41,Olson (1969-II)
893,442.4,C_{442},442,442,1,442,442,"Rogers (1963, Theorem 1)"
894,443.1,C_{443},443,443,1,443,443,"Rogers (1963, Theorem 1)"
895,444.6,C_{444},444,444,1,444,444,"Rogers (1963, Theorem 1)"
896,444.18,C_2\times C_{222},444,222,2,223,223,Olson (1969-II)
897,445.1,C_{445},445,445,1,445,445,"Rogers (1963, Theorem 1)"
898,446.2,C_{446},446,446,1,446,446,"Rogers (1963, Theorem 1)"
899,447.1,C_{447},447,447,1,447,447,"Rogers (1963, Theorem 1)"
900,448.2,C_{448},448,448,1,448,448,"Rogers (1963, Theorem 1)"
901,448.125,C_8\times C_{56},448,56,2,63,63,Olson (1969-II)
902,448.149,C_4\times C_{112},448,112,2,115,115,Olson (1969-II)
903,448.173,C_2\times C_{224},448,224,2,225,225,Olson (1969-II)
904,448.782,C_4^2\times C_{28},448,28,3,34,34,Schmid (2011)
905,448.810,C_2\times C_4\times C_{56},448,56,3,60,60,van Emde Boas (1969) + later works
906,448.910,C_2^2\times C_{112},448,112,3,114,114,van Emde Boas (1969) + later works
907,448.1294,C_2^2\times C_4\times C_{28},448,28,4,33,,Appears to be unknown
908,448.1348,C_2^3\times C_{56},448,56,4,59,59,Baayen (1969)
909,448.1385,C_2^4\times C_{28},448,28,5,32,,Appears to be unknown
910,448.1396,C_2^5\times C_{14},448,14,6,19,,Appears to be unknown
911,449.1,C_{449},449,449,1,449,449,"Rogers (1963, Theorem 1)"
912,450.4,C_{450},450,450,1,450,450,"Rogers (1963, Theorem 1)"
913,450.10,C_3\times C_{150},450,150,2,152,152,Olson (1969-II)
914,450.19,C_5\times C_{90},450,90,2,94,94,Olson (1969-II)
915,450.34,C_{15}\times C_{30},450,30,2,44,44,Olson (1969-II)
916,451.1,C_{451},451,451,1,451,451,"Rogers (1963, Theorem 1)"
917,452.2,C_{452},452,452,1,452,452,"Rogers (1963, Theorem 1)"
918,452.5,C_2\times C_{226},452,226,2,227,227,Olson (1969-II)
919,453.2,C_{453},453,453,1,453,453,"Rogers (1963, Theorem 1)"
920,454.2,C_{454},454,454,1,454,454,"Rogers (1963, Theorem 1)"
921,455.1,C_{455},455,455,1,455,455,"Rogers (1963, Theorem 1)"
922,456.6,C_{456},456,456,1,456,456,"Rogers (1963, Theorem 1)"
923,456.39,C_2\times C_{228},456,228,2,229,229,Olson (1969-II)
924,456.54,C_2^2\times C_{114},456,114,3,116,116,van Emde Boas (1969) + later works
925,457.1,C_{457},457,457,1,457,457,"Rogers (1963, Theorem 1)"
926,458.2,C_{458},458,458,1,458,458,"Rogers (1963, Theorem 1)"
927,459.1,C_{459},459,459,1,459,459,"Rogers (1963, Theorem 1)"
928,459.2,C_3\times C_{153},459,153,2,155,155,Olson (1969-II)
929,459.5,C_3^2\times C_{51},459,51,3,55,55,"Bhowmik, Schlage-Puchta (2007)"
930,460.4,C_{460},460,460,1,460,460,"Rogers (1963, Theorem 1)"
931,460.11,C_2\times C_{230},460,230,2,231,231,Olson (1969-II)
932,461.1,C_{461},461,461,1,461,461,"Rogers (1963, Theorem 1)"
933,462.12,C_{462},462,462,1,462,462,"Rogers (1963, Theorem 1)"
934,463.1,C_{463},463,463,1,463,463,"Rogers (1963, Theorem 1)"
935,464.2,C_{464},464,464,1,464,464,"Rogers (1963, Theorem 1)"
936,464.20,C_4\times C_{116},464,116,2,119,119,Olson (1969-II)
937,464.23,C_2\times C_{232},464,232,2,233,233,Olson (1969-II)
938,464.45,C_2^2\times C_{116},464,116,3,118,118,van Emde Boas (1969) + later works
939,464.51,C_2^3\times C_{58},464,58,4,61,61,Baayen (1969)
940,465.4,C_{465},465,465,1,465,465,"Rogers (1963, Theorem 1)"
941,466.2,C_{466},466,466,1,466,466,"Rogers (1963, Theorem 1)"
942,467.1,C_{467},467,467,1,467,467,"Rogers (1963, Theorem 1)"
943,468.6,C_{468},468,468,1,468,468,"Rogers (1963, Theorem 1)"
944,468.18,C_2\times C_{234},468,234,2,235,235,Olson (1969-II)
945,468.28,C_3\times C_{156},468,156,2,158,158,Olson (1969-II)
946,468.55,C_6\times C_{78},468,78,2,83,83,Olson (1969-II)
947,469.1,C_{469},469,469,1,469,469,"Rogers (1963, Theorem 1)"
948,470.4,C_{470},470,470,1,470,470,"Rogers (1963, Theorem 1)"
949,471.2,C_{471},471,471,1,471,471,"Rogers (1963, Theorem 1)"
950,472.2,C_{472},472,472,1,472,472,"Rogers (1963, Theorem 1)"
951,472.8,C_2\times C_{236},472,236,2,237,237,Olson (1969-II)
952,472.12,C_2^2\times C_{118},472,118,3,120,120,van Emde Boas (1969) + later works
953,473.1,C_{473},473,473,1,473,473,"Rogers (1963, Theorem 1)"
954,474.6,C_{474},474,474,1,474,474,"Rogers (1963, Theorem 1)"
955,475.1,C_{475},475,475,1,475,475,"Rogers (1963, Theorem 1)"
956,475.2,C_5\times C_{95},475,95,2,99,99,Olson (1969-II)
957,476.4,C_{476},476,476,1,476,476,"Rogers (1963, Theorem 1)"
958,476.11,C_2\times C_{238},476,238,2,239,239,Olson (1969-II)
959,477.1,C_{477},477,477,1,477,477,"Rogers (1963, Theorem 1)"
960,477.2,C_3\times C_{159},477,159,2,161,161,Olson (1969-II)
961,478.2,C_{478},478,478,1,478,478,"Rogers (1963, Theorem 1)"
962,479.1,C_{479},479,479,1,479,479,"Rogers (1963, Theorem 1)"
963,480.4,C_{480},480,480,1,480,480,"Rogers (1963, Theorem 1)"
964,480.199,C_4\times C_{120},480,120,2,123,123,Olson (1969-II)
965,480.212,C_2\times C_{240},480,240,2,241,241,Olson (1969-II)
966,480.919,C_2\times C_4\times C_{60},480,60,3,64,64,van Emde Boas (1969) + later works
967,480.934,C_2^2\times C_{120},480,120,3,122,122,van Emde Boas (1969) + later works
968,480.1180,C_2^3\times C_{60},480,60,4,63,63,Baayen (1969)
969,480.1213,C_2^4\times C_{30},480,30,5,34,,Appears to be unknown
970,481.1,C_{481},481,481,1,481,481,"Rogers (1963, Theorem 1)"
971,482.2,C_{482},482,482,1,482,482,"Rogers (1963, Theorem 1)"
972,483.2,C_{483},483,483,1,483,483,"Rogers (1963, Theorem 1)"
973,484.2,C_{484},484,484,1,484,484,"Rogers (1963, Theorem 1)"
974,484.4,C_2\times C_{242},484,242,2,243,243,Olson (1969-II)
975,484.7,C_{11}\times C_{44},484,44,2,54,54,Olson (1969-II)
976,484.12,C_{22}^2,484,22,2,43,43,Olson (1969-II)
977,485.1,C_{485},485,485,1,485,485,"Rogers (1963, Theorem 1)"
978,486.2,C_{486},486,486,1,486,486,"Rogers (1963, Theorem 1)"
979,486.70,C_9\times C_{54},486,54,2,62,62,Olson (1969-II)
980,486.83,C_3\times C_{162},486,162,2,164,164,Olson (1969-II)
981,486.190,C_3\times C_9\times C_{18},486,18,3,28,,Appears to be unknown
982,486.207,C_3^2\times C_{54},486,54,3,58,58,"Bhowmik, Schlage-Puchta (2007)"
983,486.250,C_3^3\times C_{18},486,18,4,24,24,"van Emde Boas (1969,II)"
984,486.261,C_3^4\times C_6,486,6,5,14,,Appears to be unknown
985,487.1,C_{487},487,487,1,487,487,"Rogers (1963, Theorem 1)"
986,488.2,C_{488},488,488,1,488,488,"Rogers (1963, Theorem 1)"
987,488.9,C_2\times C_{244},488,244,2,245,245,Olson (1969-II)
988,488.14,C_2^2\times C_{122},488,122,3,124,124,van Emde Boas (1969) + later works
989,489.2,C_{489},489,489,1,489,489,"Rogers (1963, Theorem 1)"
990,490.4,C_{490},490,490,1,490,490,"Rogers (1963, Theorem 1)"
991,490.10,C_7\times C_{70},490,70,2,76,76,Olson (1969-II)
992,491.1,C_{491},491,491,1,491,491,"Rogers (1963, Theorem 1)"
993,492.4,C_{492},492,492,1,492,492,"Rogers (1963, Theorem 1)"
994,492.12,C_2\times C_{246},492,246,2,247,247,Olson (1969-II)
995,493.1,C_{493},493,493,1,493,493,"Rogers (1963, Theorem 1)"
996,494.4,C_{494},494,494,1,494,494,"Rogers (1963, Theorem 1)"
997,495.2,C_{495},495,495,1,495,495,"Rogers (1963, Theorem 1)"
998,495.4,C_3\times C_{165},495,165,2,167,167,Olson (1969-II)
999,496.2,C_{496},496,496,1,496,496,"Rogers (1963, Theorem 1)"
1000,496.19,C_4\times C_{124},496,124,2,127,127,Olson (1969-II)
1001,496.22,C_2\times C_{248},496,248,2,249,249,Olson (1969-II)
1002,496.37,C_2^2\times C_{124},496,124,3,126,126,van Emde Boas (1969) + later works
1003,496.42,C_2^3\times C_{62},496,62,4,65,65,Baayen (1969)
1004,497.2,C_{497},497,497,1,497,497,"Rogers (1963, Theorem 1)"
1005,498.4,C_{498},498,498,1,498,498,"Rogers (1963, Theorem 1)"
1006,499.1,C_{499},499,499,1,499,499,"Rogers (1963, Theorem 1)"
1007,500.2,C_{500},500,500,1,500,500,"Rogers (1963, Theorem 1)"
1008,500.5,C_2\times C_{250},500,250,2,251,251,Olson (1969-II)
1009,500.12,C_5\times C_{100},500,100,2,104,104,Olson (1969-II)
1010,500.34,C_{10}\times C_{50},500,50,2,59,59,Olson (1969-II)
1011,500.40,C_5^2\times C_{20},500,20,3,28,,Appears to be unknown
1012,500.56,C_5\times C_{10}^2,500,10,3,23,,Appears to be unknown
